{
  "categories": ["Политика", "Экономика", "Технологии", "Спорт", "Происшествия", "Общество", "Культура"],
  "tags": {
    "Спорт": ["футбол", "хоккей", "теннис", "лыжные_гонки", "бокс", "олимпиада", "трансферы", "российские_спортсмены"],
    "Политика": ["российско-украинский_конфликт", "внешняя_политика", "выборы", "санкции", "дипломатия"],
    "Технологии": ["искусственный_интеллект", "кибербезопасность", "windows", "apple", "нейросети"],
    "Общество": ["тревожность", "здоровье", "образование", "новогодние_корпоративы", "реабилитационные_центры"],
    "Происшествия": ["пожар", "авария", "преступление", "убийство", "взрывы"]
  }
}